<?xml version="1.0" encoding="UTF-8"?>
<project-private xmlns="http://www.netbeans.org/ns/project-private/1">
    <editor-bookmarks xmlns="http://www.netbeans.org/ns/editor-bookmarks/2" lastBookmarkId="0"/>
    <open-files xmlns="http://www.netbeans.org/ns/projectui-open-files/2">
        <group>
            <file>file:/home/nihar/NetBeansProjects/training/src/com/exercise2/casting/CastingExample.java</file>
            <file>file:/home/nihar/NetBeansProjects/training/src/com/exercise2/exceptionexample/UserDefineException.java</file>
        </group>
    </open-files>
</project-private>
