<?xml version="1.0" encoding="UTF-8"?>
<configuration>

 <appender name="rollingFile" class="ch.qos.logback.core.rolling.RollingFileAppender">
    <rollingPolicy class="ch.qos.logback.core.rolling.TimeBasedRollingPolicy">
        <fileNamePattern>logs/log-%d{yyyy-MM-dd}.log</fileNamePattern>
        <maxHistory>30</maxHistory> 
        <totalSizeCap>3GB</totalSizeCap>
    </rollingPolicy>
    <triggeringPolicy class="ch.qos.logback.core.rolling.SizeBasedTriggeringPolicy">
        <maxFileSize>3MB</maxFileSize>
    </triggeringPolicy>
    <encoder>
        <pattern>[%thread] %-5level %logger{36} - %msg%n</pattern>
    </encoder>
</appender>

  <appender name="STDOUT" class="ch.qos.logback.core.ConsoleAppender">
    <encoder>
      <pattern>%msg%n</pattern>
    </encoder>
  </appender>

  <logger name="com.argus.springboot.CRUD" level="DEBUG">
    <appender-ref ref="rollingFile" />
  </logger>

  <root level="debug">
    <appender-ref ref="STDOUT" />
  </root>
</configuration>